English,Balochi Roman,Balochi,Urdu,Balochi Sentence,English Sentences,Category,Audio link
Hi/Hello,Salaam,سلام,اسلام و علیکم,سلام جان,Hi/Hello Friend,Greetings,https://drive.google.com/file/d/1VNBBRNScX6Szd-KWp91bIjbCYVAijc0d/view?usp=drivesdk
How are you?,Chone Tao?/Chetore Tao?,چونے تو/چتورے تو؟,کیسے ہو آپ؟,چونے تو/چتورے تو؟,How are you?,Greetings,https://drive.google.com/file/d/1Cu8UxtxSKnzZ29EObVfvQ_FrUCtRhLHR/view?usp=drivesdk
I am fine.,Man Jodh vshan.,من جوڑ وشاں۔,میں ٹھیک ہوں۔,,,Greetings,https://drive.google.com/file/d/1PbWWqgKDBDorh525uecKaGZD21FGSoCeR/view?usp=drivesdk
what is your name?,Tai naam Kae ent?,تئی نام کے اِنت؟,آپ کا نام کیا ہے؟,,,Greetings,https://drive.google.com/file/d/1lRbZnlY6VJnIwea5kBxOhb-6nJsyTxQp/view?usp=drivesdk
My name is Ali.,Mani naam ent Ali.,منی نام اِنت الی۔,میرا نام علی ہے۔,,,Greetings,https://drive.google.com/file/d/1iSjDiIvkZLl15vXqdWdYPFcfI0PqCYrQ/view?usp=drivesdk
Welcome.,Wash Aatke.,وش آتکے۔,خوش آمدید۔,,,Greetings,https://drive.google.com/file/d/1JAdNolMFCbiQMZbK7QLB6sibMqtWv5EO/view?usp=drivesdk
Thank you.,Minntwar۔,منتوار۔,شکریہ۔,,,Greetings,https://drive.google.com/file/d/1UFmqy94Outs9qEyyl8RJq4LZf24JXGpG/view?usp=drivesdk
Good Morning,Sohb wash baat,سھب وش بات,صبح بخیر,,,Greetings,https://drive.google.com/file/d/1B8tTWWXoLFRk38zeQzdHZOetaHEjJNbz/view?usp=drivesdk
Good Night,Shap Wash Baat,شپ وش بات,شب بخیر,,,Greetings,https://drive.google.com/file/d/1PbWWqgKDBDorh525uecKaGZD21FGSoCeR/view?usp=drivesdk
Good Bye,Khuda Hafiz,خدا ھاپز,خدا حافظ,,,Greetings,https://drive.google.com/file/d/1OERUt8IOTJdKiNAE17DCqcmAnLhYqu00/view?usp=drivesdk
Yes,Hao,ھَو,ہاں,,,Greetings,https://drive.google.com/file/d/1qJpSOuDbvdoil4GfFHwmK78D7Q4vj5oJ/view?usp=drivesdk
No,Enna,اِنّا,نہیں,,,Greetings,https://drive.google.com/file/d/1PbWWqgKDBDorh525uecKaGZD21FGSoCeR/view?usp=drivesdk
where?,Kuja?,کجا؟,کہاں؟,,,Common Word,https://drive.google.com/file/d/12NxPk5Gnp4ZMm0YX9PfhPKhpITxUkaco/view?usp=drivesdk
Water,Aap,آپ,پانی,,,Common Word,https://drive.google.com/file/d/18gOuPtkc1ppolTQ00bv59WRL0o2SVS5t/view?usp=drivesdk
Food,Warag,ورگ,کہانا,,,Common Word,https://drive.google.com/file/d/1EBV4yTPlDIMaACdTj56IJE7i64YKkVUN/view?usp=drivesdk
House,Log/Giss,لوگ/گِسّ,گھر,,,Common Word,https://drive.google.com/file/d/1KXGGL3wLMj62P6sa_d3ieWXe29zZlsHy/view?usp=drivesdk
Friend,Sangat,سنگت,دوست,,,Common Word,https://drive.google.com/file/d/1p4Oa5giA7YmPjJ_zEKfvOgbDfTlSYCqT/view?usp=drivesdk
Come,Beya,بیا,آجاؤ,,,Common Word,https://drive.google.com/file/d/1jykKme3wg6VM8dmzoDGfC9XMfYPMHd80/view?usp=drivesdk
Go,Boro,برو,چلے جاؤ,,,Common Word,https://drive.google.com/file/d/1OT0FCiM3WfYxQKSvPxCD7uUjCWmcbb-O/view?usp=drivesdk
sit,Nend,نِنّد,بیٹھو,,,Common Word,https://drive.google.com/file/d/16G0Jmxv1SAjF19wv5ParKxqd0rwOH0Ip/view?usp=drivesdk
Eat,War,ور,کہاؤ,,,Common Word,https://drive.google.com/file/d/1PbWWqgKDBDorh525uecKaGZD21FGSoCeR-zO/view?usp=drivesdk
Drink,Teng/war,تِنگ/ور,کہانا/پینا,,,Common Word,https://drive.google.com/file/d/102OOL9CMvtPgIo5aZcb_Am3JqShP0J7a/view?usp=drivesdk
Today,Marochi/Marchi,مروچی/مرچی,آج,,,Common Word,https://drive.google.com/file/d/1J6vXBmiupGxodyhvFmkazQs_Y7ljFK9O/view?usp=drivesdk
tomorrow,Banda,باندا,کل,,,Common Word,https://drive.google.com/file/d/1qGB09Ary43ACnrE_b_Q_-nyoIprJA5oG/view?usp=drivesdk
Yesterday,Zee,زی,پرسوں کل,,,Common Word,https://drive.google.com/file/d/1JMccqF1KRMmeSM3Z_5Ok6BVE3oFUx_uG/view?usp=drivesdk
Good,Shar/Juwaan/Wash,شر/جوان/وش,ٹھیک,,,Common Word,https://drive.google.com/file/d/1N3EVhlAKHv_zV_80Lw9NObzi8YIefVej/view?usp=drivesdk
Bad,Harab,ھراب,غلط/خراب,,,Common Word,https://drive.google.com/file/d/1-vWzYR1e3WJu1OcUDBj2n5nFeiAp93MG/view?usp=drivesdk
Sleep,wasp/waps,وپس/وسپ,سونا,,,Common Word,https://drive.google.com/file/d/1L5K9E7yHpm9baIoszTH0wWySCzeVFORs/view?usp=drivesdk
Big,Mazan,مزن,بڑا,,,Common Word,https://drive.google.com/file/d/13-QUeMaIl2Q2NFEK6J1mV7oN52en_YCp/view?usp=drivesdk
Small,Kassan,کَسان,چھوٹا,,,Common Word,https://drive.google.com/file/d/1EPdsja35lOFOSQxaMw7A6wQadA13SrdC/view?usp=drivesdk
Boy,Bachak,بچک,لڑکا,,,Family,Pending
Girl,Jinak,جنک,لڑکی,,,Family,Pending
Son,Bacak chok,بچک چک,بیٹا,,,Family,Pending
Daughter,Jinak Chok,جنک چک,بیٹی,,,Family,Pending
Mother,maath/maas,مات/ماس,ماں,,,Family,Pending
Father,pith/pess,پت/پس,باپ,,,Family,Pending
Brother,Barath,برات,بھائی,,,Family,Pending
Sister,Gohaar,گوھار,بہن,,,Family,Pending
Uncle,Naakog/Naako,ناکوگ/ناکو,چاچا/ماما,,,Family,Pending
Aunty,Tree,تری,ماما/مامی,,,Family,Pending
Grandfather,Peerok,پیروک,دادا/نانا,,,Family,Pending
Grandmother,Ballok,بلوک,دادی/نانی,,,Family,Pending
Cousin,Naakozatk/trozatk,ناکوزتک/تروزتک,چچا زاد/مامو زاد,,,Family,Pending
Finance,Dishtaar,دشتار,منگیتر,,,Family,Pending
Grandson,Numasag/Nimasg bachak,نماسگ بچک,پوتا,,,Family,Pending
Granddaughter,Numaasag/Nimaasg Jinak,نماسگ جنک,پوتی,,,Family,Pending
Family,Handan/kahol,ھاندان/کھول,خاندان,,,Family,Pending
relatives,Seyaad,سیاد,رشتیدار,,,Family,Pending
Great grandson,Korrasag,کوڑاسگ,پرپوتا/پڑپوتی,,,Family,Pending
Rice,Batt,بٹ,چاول,,,Food,Pending
Meat,Gosht,گوست,گوشت,,,Food,Pending
Tea,chah,چاہ,چائے,,,Food,Pending
Bread,Nagan/naan,نگن/نان,روٹی,,,Food,Pending
Salt,Waad,واد,نمک,,,Food,Pending
Sugar,Shakkar,شکر,چینی,,,Food,Pending
Oil,Teel,تیل,گھی,,,Food,Pending
Hair,Meed,مید,بال,,,Body parts,Pending
Head,Sar,سر,سِر,,,Body parts,Pending
Eye,Cham,چم,آنکھ,,,Body parts,Pending
Nose,Ponz,پونز,ناک,,,Body parts,Pending
Eyebrows,Borwan,بروان,آبرو/بھویں,,,Body parts,Pending
Ear,Gosh,گوش,کان,,,Body parts,Pending
Mouth,Dapp,دپ,منہ,,,Body parts,Pending
Face,Dem,دیم,چہرہ,,,Body parts,Pending
Hand,Dast,دست,ہاتھ,,,Body parts,Pending
Finger,Lankok,لنکوک,انگلیاں,,,Body parts,Pending
Nail,Nakun,ناکن,ناخن,,,Body parts,Pending
Heart,Dil,دل,دل,,,Body parts,Pending
Breath,Saah,ساہ,سانس,,,Body parts,Pending
Stomach,Laap,لاپ,پیٹ,,,Body parts,Pending
Leg,Paad,پاد,پاؤں,,,Body parts,Pending
Tongue,Zoban,زبان,زبان,,,Body parts,Pending
Teeth,Dantan,دنتان,دانت,,,Body parts,Pending
Cat,Poshi,پشی,بلی,,,Animal,Pending
Dog,Kochak,کچک,کُتا/کُتی,,,Animal,Pending
Goat,buz/pass,بز/پس,بکری,,,Animal,Pending
Horse,Apss,اپس,گھوڑا/گھوڑی,,,Animal,Pending
Donkey,har,ھر,گدہ,,,Animal,Pending
Chicken,Kokkarr,کوکڑ,"مرگا/,مرگی",,,Animal,Pending
Duck,Badakk,بدک,بطخ,,,Animal,Pending
Crow,Kaangi,کانگی,کوا,,,Animal,Pending
Cow,Gokk,گوک,گائے,,,Animal,Pending
Snake,Maar,مار,سانپ,,,Animal,Pending
Camel,ushtar,اوشتر,اونٹ,,,Animal,Pending
Honey Badger,Chokkbar,چوکبر,ھنی بیجر,,,Animal,Pending
Lion,Sher,شیر,شیر,,,Animal,Pending
Fish,Machi,مچی,مچھلی,,,Animal,Pending
Parrot,Mitto,مٹو,طوطا,,,Animal,Pending
Eagle,Shikraa,شِکرا,باز,,,Animal,Pending
Sun,Roch,روچ,سورج,,,Nature,Pending
Moon,Maah,ماہ,چاند,,,Nature,Pending
Sky,Aazman,آزمان,آسمان,,,Nature,Pending
Sea,Darya,دریا,دریاء,,,Nature,Pending
Air,Guwaat,گوات,ہوا,,,Nature,Pending
Water,Aap,آپ,پانی,,,Nature,Pending
Earth,Zameen,زمین,زمین,,,Nature,Pending
Fire,Aas/Aach,آس/آچ,آگ,,,Nature,Pending
Star,Istaal,استال,ستارے,,,Nature,Pending
Mountain,Koh,کوہ,پہاڑ,,,Nature,Pending